{
  "loss": [
    10.01815414428711,
    8.066556930541992,
    6.545546531677246,
    5.298966407775879,
    4.396522521972656
  ],
  "val_loss": [
    9.808562278747559,
    8.64195442199707,
    7.0870537757873535,
    6.235617160797119,
    5.524848461151123
  ],
  "accuracy": [
    0.7085201740264893,
    0.8744394779205322,
    0.8834080696105957,
    0.9282511472702026,
    0.9147982001304626
  ],
  "val_accuracy": [
    0.30909091234207153,
    0.2545454502105713,
    0.44545453786849976,
    0.3545454442501068,
    0.4000000059604645
  ]
}