{
  "loss": [
    10.516119956970215,
    9.227789878845215,
    8.01801586151123,
    6.993951320648193,
    6.097181797027588,
    5.292346000671387,
    4.688802242279053,
    4.1323323249816895,
    3.7634174823760986,
    3.3540899753570557,
    3.0212700366973877,
    2.735774040222168,
    2.6161341667175293,
    2.3457043170928955,
    2.118910074234009,
    2.037153482437134,
    1.921568512916565,
    1.7378978729248047,
    1.647558331489563,
    1.5353271961212158,
    1.4707372188568115,
    1.409942865371704,
    1.3650915622711182,
    1.284745216369629,
    1.212343454360962,
    1.118212103843689,
    1.1588866710662842,
    1.1169105768203735,
    1.0453096628189087,
    1.0000420808792114
  ],
  "val_loss": [
    9.816995620727539,
    8.537504196166992,
    7.4378485679626465,
    6.5558881759643555,
    5.733670234680176,
    4.982192516326904,
    4.485087871551514,
    4.0295186042785645,
    3.6399383544921875,
    3.317256450653076,
    3.0444233417510986,
    2.8091299533843994,
    2.8089680671691895,
    2.4241983890533447,
    2.4994242191314697,
    2.1905465126037598,
    2.053040027618408,
    1.9745601415634155,
    1.92461359500885,
    1.758880853652954,
    1.7248715162277222,
    1.792057991027832,
    1.8430665731430054,
    1.5795347690582275,
    1.5704478025436401,
    1.5808113813400269,
    1.3854572772979736,
    1.29641592502594,
    1.3209794759750366,
    1.471591591835022
  ],
  "accuracy": [
    0.5833333134651184,
    0.7051281929016113,
    0.7628205418586731,
    0.7435897588729858,
    0.8141025900840759,
    0.7756410241127014,
    0.7756410241127014,
    0.8205128312110901,
    0.8141025900840759,
    0.807692289352417,
    0.8974359035491943,
    0.8846153616905212,
    0.8141025900840759,
    0.8910256624221802,
    0.9294871687889099,
    0.8910256624221802,
    0.8974359035491943,
    0.9358974099159241,
    0.9358974099159241,
    0.9294871687889099,
    0.9358974099159241,
    0.9358974099159241,
    0.9166666865348816,
    0.9487179517745972,
    0.942307710647583,
    0.9615384340286255,
    0.9294871687889099,
    0.9102563858032227,
    0.9358974099159241,
    0.9615384340286255
  ],
  "val_accuracy": [
    0.5757575631141663,
    0.6969696879386902,
    0.7272727489471436,
    0.6363636255264282,
    0.6969696879386902,
    0.7272727489471436,
    0.6969696879386902,
    0.6969696879386902,
    0.6363636255264282,
    0.6969696879386902,
    0.7878788113594055,
    0.6969696879386902,
    0.6969696879386902,
    0.6969696879386902,
    0.6666666865348816,
    0.7878788113594055,
    0.7575757503509521,
    0.7575757503509521,
    0.7272727489471436,
    0.8181818127632141,
    0.7878788113594055,
    0.6969696879386902,
    0.6969696879386902,
    0.7272727489471436,
    0.6969696879386902,
    0.7272727489471436,
    0.7575757503509521,
    0.7575757503509521,
    0.6969696879386902,
    0.7272727489471436
  ]
}